Leaf Count,Leaf Area Covered
8,26492.00165
8,7142.500674
12,21618.50835
9,28066.5047
10,29679.00494
